﻿<metadata>
  <idinfo>
    <citation>
      <citeinfo>
        <origin>Lance Garrison, NOAA Fisheries, Fishery Biologist</origin>
        <pubdate>20190820</pubdate>
        <title>Rice's Whale Core Distribution Area June 2019</title>
        <geoform>remote-sensing image</geoform>
        <onlink>https://www.fisheries.noaa.gov/resource/map/rices-whale-core-distribution-area-map-gis-data</onlink>
      </citeinfo>
    </citation>
    <descript>
      <abstract>This GIS data represents the current core distribution area Rice's whale based on the best available data. The GIS data will be updated and could change as new data are collected. This Core Area polygon was created by drawing a convex hull polygon around all recorded Rice's whale sighting locations from NMFS SEFSC surveys and tag data collected between 1989 and 2018. The convex hull polygon was trimmed on the western-side to the 410 m. To incorporate the high degree of uncertainty in the whales’ distribution into a definition of core distribution, a 10 km buffer was applied to capture the uncertainty in position data and the 10km strip width of the visual surveys, followed by addition of a 20 km buffer to this "position uncertainty" to account for the possible movement whales could make in any one direction from an observed sighting.</abstract>
      <purpose>The purpose of this GIS data is to visually represent the core, primary distribution area of Rice's whale.
</purpose>
    </descript>
    <timeperd>
      <timeinfo>
        <rngdates>
          <begdate>19890101</begdate>
          <enddate>20181231</enddate>
        </rngdates>
      </timeinfo>
      <current>primary area for 1989-2018 Gulf of Mexico Bryde's whale sightings and tag data</current>
    </timeperd>
    <status>
      <progress>In work</progress>
      <update>As needed</update>
    </status>
    <spdom>
      <bounding>
        <westbc>-88.242582</westbc>
        <eastbc>-84.514667</eastbc>
        <northbc>30.147490</northbc>
        <southbc>26.744586</southbc>
      </bounding>
    </spdom>
    <keywords>
      <theme>
        <themekt>None</themekt>
        <themekey>Rice's whale</themekey>
        <themekey>Endangered Species</themekey>
        <themekey>Balaenoptera ricei</themekey>
      </theme>
      <theme>
        <themekt>ISO 19115 Topic Categories</themekt>
        <themekey>biota</themekey>
        <themekey>oceans</themekey>
      </theme>
      <place>
        <placekt>None</placekt>
        <placekey>Gulf of Mexico</placekey>
      </place>
      <temporal>
        <tempkt>None</tempkt>
        <tempkey>1989-2018</tempkey>
      </temporal>
    </keywords>
    <accconst>None</accconst>
    <useconst>This GIS data is based on visual sightings and tag data and represents the current core distribution area of the Rice's whale based on the best available data as of June 2019. It doesn't imply knowledge of habitat preferences, and the GIS data will be updated periodically when new data become available. It is therefore subject to change.</useconst>
    <ptcontac>
      <cntinfo>
        <cntorgp>
          <cntorg>NOAA Fisheries</cntorg>
          <cntper>Patricia Rosel</cntper>
        </cntorgp>
        <cntpos>Research Geneticist</cntpos>
        <cntaddr>
          <addrtype>mailing and physical</addrtype>
          <address>646 Cajundome Blvd</address>
          <city>Lafayette</city>
          <state>LA</state>
          <postal>70506</postal>
          <country>US</country>
        </cntaddr>
        <cntvoice>337-291-2123</cntvoice>
        <cntemail>patricia.rosel@noaa.gov</cntemail>
      </cntinfo>
    </ptcontac>
    <ptcontac>
      <cntinfo>
        <cntorgp>
          <cntorg>NOAA Fisheries</cntorg>
          <cntper>Lance Garrison</cntper>
        </cntorgp>
        <cntpos>Fishery Biologist</cntpos>
        <cntaddr>
          <addrtype>mailing and physical</addrtype>
          <address>75 Virginia Beach Dr</address>
          <city>Miami</city>
          <state>FL</state>
          <postal>33149</postal>
        </cntaddr>
        <cntvoice>(305)361-4488</cntvoice>
        <cntemail>lance.garrison@noaa.gov</cntemail>
      </cntinfo>
    </ptcontac>
    <ptcontac>
      <cntinfo>
        <cntorgp>
          <cntorg>NOAA Fisheries</cntorg>
          <cntper>Barb Zoodsma</cntper>
        </cntorgp>
        <cntpos>Southeast U.S. Large Whale Recovery Program Coordinator</cntpos>
        <cntaddr>
          <addrtype>mailing and physical</addrtype>
          <address>2382 Sadler Rd</address>
          <city>Fernandina Beach</city>
          <state>FL</state>
          <postal>32034</postal>
          <country>US</country>
        </cntaddr>
        <cntvoice>(904)321-2806</cntvoice>
        <cntemail>barb.zoodsma@noaa.gov</cntemail>
        <hours> Monday - Friday, 8:00am - 4:30pm</hours>
      </cntinfo>
    </ptcontac>
    <datacred>Rosel, Wilcox and Mullin in press</datacred>
    <native> Version 6.2 (Build 9200) ; Esri ArcGIS 10.8.0.12790</native>
  </idinfo>
  <dataqual>
    <lineage>
      <srcinfo>
        <typesrc>onLine</typesrc>
        <srccontr>Originator: NOAA NMFS SEFSC</srccontr>
      </srcinfo>
      <procstep>
        <procdesc>The polygon was created by first drawing a convex hull polygon using ET Geowizards around all recorded Gulf of Mexico whale sighting locations in the eastern Gulf of Mexico from NMFS SEFSC surveys and tag locations between 1989 and 2018. The convex hull polygon was clipped at the 410m isobath and a 30km buffer was applied to the clipped polygon usinhg ArcGIS buffer to feature tool.  

The 30km buffer comprises a10 km buffer around the convex hull polygon drawn to capture the uncertainty in position location and the strip width of the surveys and an additional 20 km distance added to this "positional uncertainty" to account for the most likely distance a given observed whale could move within a day of the detection.

Isobaths derived from NGDC ETOPO1 bathymetric data set.  Projection used is UTM16N.

</procdesc>
        <procdate>20190607</procdate>
        <proccont>
          <cntinfo>
            <cntorgp>
              <cntorg>NOAA Fisheries</cntorg>
              <cntper>Lance Garrison</cntper>
            </cntorgp>
            <cntaddr>
              <addrtype>mailing and physical</addrtype>
              <address>75 Virginia Beach Dr</address>
              <city>Miami</city>
              <state>FL</state>
              <postal>33149</postal>
            </cntaddr>
            <cntvoice>(305)361-4488</cntvoice>
            <cntemail>lance.garrison@noaa.gov</cntemail>
          </cntinfo>
        </proccont>
      </procstep>
    </lineage>
  </dataqual>
  <spdoinfo>
    <direct>Vector</direct>
    <ptvctinf>
      <sdtsterm>
        <sdtstype>GT-polygon composed of chains</sdtstype>
        <ptvctcnt>1</ptvctcnt>
      </sdtsterm>
    </ptvctinf>
    <rastinfo>
      <rasttype>Pixel</rasttype>
    </rastinfo>
  </spdoinfo>
  <spref>
    <horizsys>
      <geograph>
        <latres>8.983152841195215e-09</latres>
        <longres>8.983152841195215e-09</longres>
        <geogunit>Decimal Degrees</geogunit>
      </geograph>
      <geodetic>
        <horizdn>D WGS 1984</horizdn>
        <ellips>WGS 1984</ellips>
        <semiaxis>6378137.0</semiaxis>
        <denflat>298.257223563</denflat>
      </geodetic>
    </horizsys>
  </spref>
  <eainfo>
    <detailed>
      <enttyp>
        <enttypl>shapefile_Rices_whale_core_distribution_area_Jun19_SERO</enttypl>
      </enttyp>
      <attr>
        <attrlabl>FID</attrlabl>
        <attrdef>Internal feature number.</attrdef>
        <attrdefs>Esri</attrdefs>
        <attrdomv>
          <udom>Sequential unique whole numbers that are automatically generated.</udom>
        </attrdomv>
      </attr>
      <attr>
        <attrlabl>OBJECTID</attrlabl>
        <attrdef>Internal feature number.</attrdef>
        <attrdefs>Esri</attrdefs>
        <attrdomv>
          <udom>Sequential unique whole numbers that are automatically generated.</udom>
        </attrdomv>
      </attr>
      <attr>
        <attrlabl>Shape</attrlabl>
        <attrdef>Feature geometry.</attrdef>
        <attrdefs>Esri</attrdefs>
        <attrdomv>
          <udom>Coordinates defining the features.</udom>
        </attrdomv>
      </attr>
      <attr>
        <attrlabl>AREA_NAME</attrlabl>
      </attr>
    </detailed>
  </eainfo>
  <distinfo>
    <distrib>
      <cntinfo>
        <cntorgp>
          <cntorg>NOAA Fisheries</cntorg>
          <cntper>Amanda Frick</cntper>
        </cntorgp>
        <cntpos>GIS Coordinator</cntpos>
        <cntaddr>
          <addrtype>mailing and physical</addrtype>
          <address>263 13th Ave S</address>
          <city>St Petersburg</city>
          <state>FL</state>
          <postal>33701</postal>
          <country>US</country>
        </cntaddr>
        <cntvoice>727-824-5301</cntvoice>
        <cntemail>amanda.frick@noaa.gov</cntemail>
      </cntinfo>
    </distrib>
    <distliab>See access and use constraints information.</distliab>
  </distinfo>
  <metainfo>
    <metd>20210901</metd>
    <metc>
      <cntinfo>
        <cntorgp>
          <cntorg>NOAA Fisheries</cntorg>
          <cntper>Patricia Rosel</cntper>
        </cntorgp>
        <cntpos>Research Geneticist</cntpos>
        <cntaddr>
          <addrtype>mailing</addrtype>
          <address>646 Cajundome Blvd</address>
          <city>Lafayette</city>
          <state>LA</state>
          <postal>70506</postal>
          <country>US</country>
        </cntaddr>
        <cntvoice>(337)291-3140</cntvoice>
        <cntemail>patricia.rosel@noaa.gov</cntemail>
      </cntinfo>
    </metc>
    <metstdn>FGDC Content Standard for Digital Geospatial Metadata</metstdn>
    <metstdv>FGDC-STD-001-1998</metstdv>
    <mettc>local time</mettc>
    <metuc>This GIS data is based on visual sightings and tag data and represents the current core distribution area of the Gulf of Mexico Bryde's whale based on the best available data as of June 2019. It doesn't imply knowledge of habitat preferences, and the GIS data will be updated periodically when new data become available. It is therefore subject to change.</metuc>
  </metainfo>
</metadata>