﻿<MD_Metadata xmlns="http://www.isotc211.org/2005/gmd" xmlns:gco="http://www.isotc211.org/2005/gco" xmlns:gts="http://www.isotc211.org/2005/gts" xmlns:srv="http://www.isotc211.org/2005/srv" xmlns:gml="http://www.opengis.net/gml" xmlns:xlink="http://www.w3.org/1999/xlink" xmlns:xsi="http://www.w3.org/2001/XMLSchema-instance">
  <language>
    <LanguageCode codeList="http://www.loc.gov/standards/iso639-2/php/code_list.php" codeListValue="eng" codeSpace="ISO639-2">eng</LanguageCode>
  </language>
  <characterSet>
    <MD_CharacterSetCode codeList="http://www.isotc211.org/2005/resources/Codelist/gmxCodelists.xml#MD_CharacterSetCode" codeListValue="utf8" codeSpace="ISOTC211/19115">utf8</MD_CharacterSetCode>
  </characterSet>
  <hierarchyLevel>
    <MD_ScopeCode codeList="http://www.isotc211.org/2005/resources/Codelist/gmxCodelists.xml#MD_ScopeCode" codeListValue="dataset" codeSpace="ISOTC211/19115">dataset</MD_ScopeCode>
  </hierarchyLevel>
  <hierarchyLevelName>
    <gco:CharacterString>dataset</gco:CharacterString>
  </hierarchyLevelName>
  <contact>
    <CI_ResponsibleParty>
      <individualName>
        <gco:CharacterString>Patricia Rosel</gco:CharacterString>
      </individualName>
      <organisationName>
        <gco:CharacterString>NOAA Fisheries</gco:CharacterString>
      </organisationName>
      <positionName>
        <gco:CharacterString>Research Geneticist</gco:CharacterString>
      </positionName>
      <contactInfo>
        <CI_Contact>
          <phone>
            <CI_Telephone>
              <voice>
                <gco:CharacterString>(337)291-3140</gco:CharacterString>
              </voice>
            </CI_Telephone>
          </phone>
          <address>
            <CI_Address>
              <deliveryPoint>
                <gco:CharacterString>646 Cajundome Blvd</gco:CharacterString>
              </deliveryPoint>
              <city>
                <gco:CharacterString>Lafayette</gco:CharacterString>
              </city>
              <administrativeArea>
                <gco:CharacterString>LA</gco:CharacterString>
              </administrativeArea>
              <postalCode>
                <gco:CharacterString>70506</gco:CharacterString>
              </postalCode>
              <country>
                <Country codeList="http://www.iso.org/iso/country_codes/iso_3166_code_lists.htm" codeListValue="US" codeSpace="ISO3166-1">US</Country>
              </country>
              <electronicMailAddress>
                <gco:CharacterString>patricia.rosel@noaa.gov</gco:CharacterString>
              </electronicMailAddress>
            </CI_Address>
          </address>
        </CI_Contact>
      </contactInfo>
      <role>
        <CI_RoleCode codeList="http://www.isotc211.org/2005/resources/Codelist/gmxCodelists.xml#CI_RoleCode" codeListValue="principalInvestigator" codeSpace="ISOTC211/19115">principalInvestigator</CI_RoleCode>
      </role>
    </CI_ResponsibleParty>
  </contact>
  <dateStamp>
    <gco:Date>2021-09-01</gco:Date>
  </dateStamp>
  <metadataStandardName>
    <gco:CharacterString>ISO 19139 Geographic Information - Metadata - Implementation Specification</gco:CharacterString>
  </metadataStandardName>
  <metadataStandardVersion>
    <gco:CharacterString>2007</gco:CharacterString>
  </metadataStandardVersion>
  <spatialRepresentationInfo>
    <MD_VectorSpatialRepresentation>
      <topologyLevel>
        <MD_TopologyLevelCode codeList="http://www.isotc211.org/2005/resources/Codelist/gmxCodelists.xml#MD_TopologyLevelCode" codeListValue="geometryOnly" codeSpace="ISOTC211/19115">geometryOnly</MD_TopologyLevelCode>
      </topologyLevel>
      <geometricObjects>
        <MD_GeometricObjects>
          <geometricObjectType>
            <MD_GeometricObjectTypeCode codeList="http://www.isotc211.org/2005/resources/Codelist/gmxCodelists.xml#MD_GeometricObjectTypeCode" codeListValue="composite" codeSpace="ISOTC211/19115">composite</MD_GeometricObjectTypeCode>
          </geometricObjectType>
          <geometricObjectCount>
            <gco:Integer>1</gco:Integer>
          </geometricObjectCount>
        </MD_GeometricObjects>
      </geometricObjects>
    </MD_VectorSpatialRepresentation>
  </spatialRepresentationInfo>
  <referenceSystemInfo>
    <MD_ReferenceSystem>
      <referenceSystemIdentifier>
        <RS_Identifier>
          <code>
            <gco:CharacterString>4326</gco:CharacterString>
          </code>
          <codeSpace>
            <gco:CharacterString>EPSG</gco:CharacterString>
          </codeSpace>
          <version>
            <gco:CharacterString>6.14(3.0.1)</gco:CharacterString>
          </version>
        </RS_Identifier>
      </referenceSystemIdentifier>
    </MD_ReferenceSystem>
  </referenceSystemInfo>
  <identificationInfo>
    <MD_DataIdentification>
      <citation>
        <CI_Citation>
          <title>
            <gco:CharacterString>Rice's Whale Core Distribution Area June 2019</gco:CharacterString>
          </title>
          <date>
            <CI_Date>
              <date>
                <gco:Date>2019-06-07</gco:Date>
              </date>
              <dateType>
                <CI_DateTypeCode codeList="http://www.isotc211.org/2005/resources/Codelist/gmxCodelists.xml#CI_DateTypeCode" codeListValue="creation" codeSpace="ISOTC211/19115">creation</CI_DateTypeCode>
              </dateType>
            </CI_Date>
          </date>
          <date>
            <CI_Date>
              <date>
                <gco:Date>2019-08-20</gco:Date>
              </date>
              <dateType>
                <CI_DateTypeCode codeList="http://www.isotc211.org/2005/resources/Codelist/gmxCodelists.xml#CI_DateTypeCode" codeListValue="publication" codeSpace="ISOTC211/19115">publication</CI_DateTypeCode>
              </dateType>
            </CI_Date>
          </date>
          <citedResponsibleParty>
            <CI_ResponsibleParty>
              <individualName>
                <gco:CharacterString>Barb Zoodsma</gco:CharacterString>
              </individualName>
              <organisationName>
                <gco:CharacterString>NOAA Fisheries</gco:CharacterString>
              </organisationName>
              <positionName>
                <gco:CharacterString>Southeast U.S. Large Whale Recovery Program Coordinator</gco:CharacterString>
              </positionName>
              <contactInfo>
                <CI_Contact>
                  <phone>
                    <CI_Telephone>
                      <voice>
                        <gco:CharacterString>(904)321-2806</gco:CharacterString>
                      </voice>
                    </CI_Telephone>
                  </phone>
                  <address>
                    <CI_Address>
                      <deliveryPoint>
                        <gco:CharacterString>2382 Sadler Rd</gco:CharacterString>
                      </deliveryPoint>
                      <city>
                        <gco:CharacterString>Fernandina Beach</gco:CharacterString>
                      </city>
                      <administrativeArea>
                        <gco:CharacterString>FL</gco:CharacterString>
                      </administrativeArea>
                      <postalCode>
                        <gco:CharacterString>32034</gco:CharacterString>
                      </postalCode>
                      <country>
                        <Country codeList="http://www.iso.org/iso/country_codes/iso_3166_code_lists.htm" codeListValue="US" codeSpace="ISO3166-1">US</Country>
                      </country>
                      <electronicMailAddress>
                        <gco:CharacterString>barb.zoodsma@noaa.gov</gco:CharacterString>
                      </electronicMailAddress>
                    </CI_Address>
                  </address>
                  <hoursOfService>
                    <gco:CharacterString> Monday - Friday, 8:00am - 4:30pm</gco:CharacterString>
                  </hoursOfService>
                </CI_Contact>
              </contactInfo>
              <role>
                <CI_RoleCode codeList="http://www.isotc211.org/2005/resources/Codelist/gmxCodelists.xml#CI_RoleCode" codeListValue="pointOfContact" codeSpace="ISOTC211/19115">pointOfContact</CI_RoleCode>
              </role>
            </CI_ResponsibleParty>
          </citedResponsibleParty>
          <citedResponsibleParty>
            <CI_ResponsibleParty>
              <individualName>
                <gco:CharacterString>Patricia Rosel</gco:CharacterString>
              </individualName>
              <organisationName>
                <gco:CharacterString>NOAA Fisheries</gco:CharacterString>
              </organisationName>
              <positionName>
                <gco:CharacterString>Research Geneticst</gco:CharacterString>
              </positionName>
              <contactInfo>
                <CI_Contact>
                  <phone>
                    <CI_Telephone>
                      <voice>
                        <gco:CharacterString>337-291-3140</gco:CharacterString>
                      </voice>
                    </CI_Telephone>
                  </phone>
                  <address>
                    <CI_Address>
                      <deliveryPoint>
                        <gco:CharacterString>646 Cajundome Blvd</gco:CharacterString>
                      </deliveryPoint>
                      <city>
                        <gco:CharacterString>Lafayette</gco:CharacterString>
                      </city>
                      <administrativeArea>
                        <gco:CharacterString>LA</gco:CharacterString>
                      </administrativeArea>
                      <postalCode>
                        <gco:CharacterString>70506</gco:CharacterString>
                      </postalCode>
                      <country>
                        <Country codeList="http://www.iso.org/iso/country_codes/iso_3166_code_lists.htm" codeListValue="US" codeSpace="ISO3166-1">US</Country>
                      </country>
                      <electronicMailAddress>
                        <gco:CharacterString>patricia.rosel@noaa.gov</gco:CharacterString>
                      </electronicMailAddress>
                    </CI_Address>
                  </address>
                </CI_Contact>
              </contactInfo>
              <role>
                <CI_RoleCode codeList="http://www.isotc211.org/2005/resources/Codelist/gmxCodelists.xml#CI_RoleCode" codeListValue="principalInvestigator" codeSpace="ISOTC211/19115">principalInvestigator</CI_RoleCode>
              </role>
            </CI_ResponsibleParty>
          </citedResponsibleParty>
          <citedResponsibleParty>
            <CI_ResponsibleParty>
              <individualName>
                <gco:CharacterString>Lance Garrison</gco:CharacterString>
              </individualName>
              <organisationName>
                <gco:CharacterString>NOAA Fisheries</gco:CharacterString>
              </organisationName>
              <positionName>
                <gco:CharacterString>Fishery Biologist</gco:CharacterString>
              </positionName>
              <contactInfo>
                <CI_Contact>
                  <phone>
                    <CI_Telephone>
                      <voice>
                        <gco:CharacterString>305-361-4488</gco:CharacterString>
                      </voice>
                    </CI_Telephone>
                  </phone>
                  <address>
                    <CI_Address>
                      <deliveryPoint>
                        <gco:CharacterString>75 Virginia Beach Drive</gco:CharacterString>
                      </deliveryPoint>
                      <city>
                        <gco:CharacterString>Miam1</gco:CharacterString>
                      </city>
                      <administrativeArea>
                        <gco:CharacterString>FL</gco:CharacterString>
                      </administrativeArea>
                      <postalCode>
                        <gco:CharacterString>33149</gco:CharacterString>
                      </postalCode>
                      <country>
                        <Country codeList="http://www.iso.org/iso/country_codes/iso_3166_code_lists.htm" codeListValue="US" codeSpace="ISO3166-1">US</Country>
                      </country>
                      <electronicMailAddress>
                        <gco:CharacterString>lance.garrison@noaa.gov</gco:CharacterString>
                      </electronicMailAddress>
                    </CI_Address>
                  </address>
                </CI_Contact>
              </contactInfo>
              <role>
                <CI_RoleCode codeList="http://www.isotc211.org/2005/resources/Codelist/gmxCodelists.xml#CI_RoleCode" codeListValue="originator" codeSpace="ISOTC211/19115">originator</CI_RoleCode>
              </role>
            </CI_ResponsibleParty>
          </citedResponsibleParty>
          <presentationForm>
            <CI_PresentationFormCode codeList="http://www.isotc211.org/2005/resources/Codelist/gmxCodelists.xml#CI_PresentationFormCode" codeListValue="mapDigital" codeSpace="ISOTC211/19115">mapDigital</CI_PresentationFormCode>
          </presentationForm>
        </CI_Citation>
      </citation>
      <abstract>
        <gco:CharacterString>This GIS data represents the current core distribution area Rice's whale based on the best available data. The GIS data will be updated and could change as new data are collected. This Core Area polygon was created by drawing a convex hull polygon around all recorded Rice's whale sighting locations from NMFS SEFSC surveys and tag data collected between 1989 and 2018. The convex hull polygon was trimmed on the western-side to the 410 m. To incorporate the high degree of uncertainty in the whales’ distribution into a definition of core distribution, a 10 km buffer was applied to capture the uncertainty in position data and the 10km strip width of the visual surveys, followed by addition of a 20 km buffer to this "position uncertainty" to account for the possible movement whales could make in any one direction from an observed sighting.</gco:CharacterString>
      </abstract>
      <purpose>
        <gco:CharacterString>The purpose of this GIS data is to visually represent the core, primary distribution area of Rice's whale.
</gco:CharacterString>
      </purpose>
      <credit>
        <gco:CharacterString>Rosel, Wilcox and Mullin in press</gco:CharacterString>
      </credit>
      <status>
        <MD_ProgressCode codeList="http://www.isotc211.org/2005/resources/Codelist/gmxCodelists.xml#MD_ProgressCode" codeListValue="onGoing" codeSpace="ISOTC211/19115">onGoing</MD_ProgressCode>
      </status>
      <pointOfContact>
        <CI_ResponsibleParty>
          <individualName>
            <gco:CharacterString>Patricia Rosel</gco:CharacterString>
          </individualName>
          <organisationName>
            <gco:CharacterString>NOAA Fisheries</gco:CharacterString>
          </organisationName>
          <positionName>
            <gco:CharacterString>Research Geneticist</gco:CharacterString>
          </positionName>
          <contactInfo>
            <CI_Contact>
              <phone>
                <CI_Telephone>
                  <voice>
                    <gco:CharacterString>337-291-2123</gco:CharacterString>
                  </voice>
                </CI_Telephone>
              </phone>
              <address>
                <CI_Address>
                  <deliveryPoint>
                    <gco:CharacterString>646 Cajundome Blvd</gco:CharacterString>
                  </deliveryPoint>
                  <city>
                    <gco:CharacterString>Lafayette</gco:CharacterString>
                  </city>
                  <administrativeArea>
                    <gco:CharacterString>LA</gco:CharacterString>
                  </administrativeArea>
                  <postalCode>
                    <gco:CharacterString>70506</gco:CharacterString>
                  </postalCode>
                  <country>
                    <Country codeList="http://www.iso.org/iso/country_codes/iso_3166_code_lists.htm" codeListValue="US" codeSpace="ISO3166-1">US</Country>
                  </country>
                  <electronicMailAddress>
                    <gco:CharacterString>patricia.rosel@noaa.gov</gco:CharacterString>
                  </electronicMailAddress>
                </CI_Address>
              </address>
            </CI_Contact>
          </contactInfo>
          <role>
            <CI_RoleCode codeList="http://www.isotc211.org/2005/resources/Codelist/gmxCodelists.xml#CI_RoleCode" codeListValue="principalInvestigator" codeSpace="ISOTC211/19115">principalInvestigator</CI_RoleCode>
          </role>
        </CI_ResponsibleParty>
      </pointOfContact>
      <pointOfContact>
        <CI_ResponsibleParty>
          <individualName>
            <gco:CharacterString>Lance Garrison</gco:CharacterString>
          </individualName>
          <organisationName>
            <gco:CharacterString>NOAA Fisheries</gco:CharacterString>
          </organisationName>
          <positionName>
            <gco:CharacterString>Fishery Biologist</gco:CharacterString>
          </positionName>
          <contactInfo>
            <CI_Contact>
              <phone>
                <CI_Telephone>
                  <voice>
                    <gco:CharacterString>(305)361-4488</gco:CharacterString>
                  </voice>
                </CI_Telephone>
              </phone>
              <address>
                <CI_Address>
                  <deliveryPoint>
                    <gco:CharacterString>75 Virginia Beach Dr</gco:CharacterString>
                  </deliveryPoint>
                  <city>
                    <gco:CharacterString>Miami</gco:CharacterString>
                  </city>
                  <administrativeArea>
                    <gco:CharacterString>FL</gco:CharacterString>
                  </administrativeArea>
                  <postalCode>
                    <gco:CharacterString>33149</gco:CharacterString>
                  </postalCode>
                  <electronicMailAddress>
                    <gco:CharacterString>lance.garrison@noaa.gov</gco:CharacterString>
                  </electronicMailAddress>
                </CI_Address>
              </address>
            </CI_Contact>
          </contactInfo>
          <role>
            <CI_RoleCode codeList="http://www.isotc211.org/2005/resources/Codelist/gmxCodelists.xml#CI_RoleCode" codeListValue="originator" codeSpace="ISOTC211/19115">originator</CI_RoleCode>
          </role>
        </CI_ResponsibleParty>
      </pointOfContact>
      <resourceMaintenance>
        <MD_MaintenanceInformation>
          <maintenanceAndUpdateFrequency>
            <MD_MaintenanceFrequencyCode codeList="http://www.isotc211.org/2005/resources/Codelist/gmxCodelists.xml#MD_MaintenanceFrequencyCode" codeListValue="asNeeded" codeSpace="ISOTC211/19115">asNeeded</MD_MaintenanceFrequencyCode>
          </maintenanceAndUpdateFrequency>
        </MD_MaintenanceInformation>
      </resourceMaintenance>
      <descriptiveKeywords>
        <MD_Keywords>
          <keyword>
            <gco:CharacterString>Gulf of Mexico</gco:CharacterString>
          </keyword>
          <type>
            <MD_KeywordTypeCode codeList="http://www.isotc211.org/2005/resources/Codelist/gmxCodelists.xml#MD_KeywordTypeCode" codeListValue="place" codeSpace="ISOTC211/19115">place</MD_KeywordTypeCode>
          </type>
        </MD_Keywords>
      </descriptiveKeywords>
      <descriptiveKeywords>
        <MD_Keywords>
          <keyword>
            <gco:CharacterString>1989-2018</gco:CharacterString>
          </keyword>
          <type>
            <MD_KeywordTypeCode codeList="http://www.isotc211.org/2005/resources/Codelist/gmxCodelists.xml#MD_KeywordTypeCode" codeListValue="temporal" codeSpace="ISOTC211/19115">temporal</MD_KeywordTypeCode>
          </type>
        </MD_Keywords>
      </descriptiveKeywords>
      <descriptiveKeywords>
        <MD_Keywords>
          <keyword>
            <gco:CharacterString>Rice's whale</gco:CharacterString>
          </keyword>
          <keyword>
            <gco:CharacterString>Endangered Species</gco:CharacterString>
          </keyword>
          <keyword>
            <gco:CharacterString>Balaenoptera ricei</gco:CharacterString>
          </keyword>
          <type>
            <MD_KeywordTypeCode codeList="http://www.isotc211.org/2005/resources/Codelist/gmxCodelists.xml#MD_KeywordTypeCode" codeListValue="theme" codeSpace="ISOTC211/19115">theme</MD_KeywordTypeCode>
          </type>
        </MD_Keywords>
      </descriptiveKeywords>
      <descriptiveKeywords>
        <MD_Keywords>
          <keyword>
            <gco:CharacterString>Downloadable Data</gco:CharacterString>
          </keyword>
          <thesaurusName uuidref="723f6998-058e-11dc-8314-0800200c9a66" />
        </MD_Keywords>
      </descriptiveKeywords>
      <resourceConstraints>
        <MD_Constraints>
          <useLimitation>
            <gco:CharacterString>This GIS data is based on visual sightings and tag data and represents the current core distribution area of the Rice's whale based on the best available data as of June 2019. It doesn't imply knowledge of habitat preferences, and the GIS data will be updated periodically when new data become available. It is therefore subject to change.</gco:CharacterString>
          </useLimitation>
        </MD_Constraints>
      </resourceConstraints>
      <spatialRepresentationType>
        <MD_SpatialRepresentationTypeCode codeList="http://www.isotc211.org/2005/resources/Codelist/gmxCodelists.xml#MD_SpatialRepresentationTypeCode" codeListValue="vector" codeSpace="ISOTC211/19115">vector</MD_SpatialRepresentationTypeCode>
      </spatialRepresentationType>
      <language>
        <LanguageCode codeList="http://www.loc.gov/standards/iso639-2/php/code_list.php" codeListValue="eng" codeSpace="ISO639-2">eng</LanguageCode>
      </language>
      <characterSet>
        <MD_CharacterSetCode codeList="http://www.isotc211.org/2005/resources/Codelist/gmxCodelists.xml#MD_CharacterSetCode" codeListValue="utf8" codeSpace="ISOTC211/19115">utf8</MD_CharacterSetCode>
      </characterSet>
      <topicCategory>
        <MD_TopicCategoryCode>biota</MD_TopicCategoryCode>
      </topicCategory>
      <topicCategory>
        <MD_TopicCategoryCode>oceans</MD_TopicCategoryCode>
      </topicCategory>
      <environmentDescription>
        <gco:CharacterString> Version 6.2 (Build 9200) ; Esri ArcGIS 10.8.0.12790</gco:CharacterString>
      </environmentDescription>
      <extent>
        <EX_Extent>
          <description>
            <gco:CharacterString>primary area for 1989-2018 Gulf of Mexico Bryde's whale sightings and tag data</gco:CharacterString>
          </description>
          <geographicElement>
            <EX_GeographicBoundingBox>
              <extentTypeCode>
                <gco:Boolean>true</gco:Boolean>
              </extentTypeCode>
              <westBoundLongitude>
                <gco:Decimal>-88.242582</gco:Decimal>
              </westBoundLongitude>
              <eastBoundLongitude>
                <gco:Decimal>-84.514667</gco:Decimal>
              </eastBoundLongitude>
              <southBoundLatitude>
                <gco:Decimal>26.744586</gco:Decimal>
              </southBoundLatitude>
              <northBoundLatitude>
                <gco:Decimal>30.14749</gco:Decimal>
              </northBoundLatitude>
            </EX_GeographicBoundingBox>
          </geographicElement>
          <temporalElement>
            <EX_TemporalExtent>
              <extent>
                <gml:TimePeriod gml:id="ID0EWBAC">
                  <gml:beginPosition>1989-01-01T00:00:00</gml:beginPosition>
                  <gml:endPosition>2018-12-31T00:00:00</gml:endPosition>
                </gml:TimePeriod>
              </extent>
            </EX_TemporalExtent>
          </temporalElement>
        </EX_Extent>
      </extent>
    </MD_DataIdentification>
  </identificationInfo>
  <contentInfo>
    <MD_CoverageDescription>
      <attributeDescription>
        <gco:RecordType>polygon</gco:RecordType>
      </attributeDescription>
      <contentType>
        <MD_CoverageContentTypeCode codeList="http://www.isotc211.org/2005/resources/Codelist/gmxCodelists.xml#MD_CoverageContentTypeCode" codeListValue="image" codeSpace="ISOTC211/19115">image</MD_CoverageContentTypeCode>
      </contentType>
    </MD_CoverageDescription>
  </contentInfo>
  <distributionInfo>
    <MD_Distribution>
      <distributionFormat>
        <MD_Format>
          <name>
            <gco:CharacterString>Shapefile</gco:CharacterString>
          </name>
          <version gco:nilReason="missing" />
        </MD_Format>
      </distributionFormat>
      <distributor>
        <MD_Distributor>
          <distributorContact>
            <CI_ResponsibleParty>
              <individualName>
                <gco:CharacterString>Amanda Frick</gco:CharacterString>
              </individualName>
              <organisationName>
                <gco:CharacterString>NOAA Fisheries</gco:CharacterString>
              </organisationName>
              <positionName>
                <gco:CharacterString>GIS Coordinator</gco:CharacterString>
              </positionName>
              <contactInfo>
                <CI_Contact>
                  <phone>
                    <CI_Telephone>
                      <voice>
                        <gco:CharacterString>727-824-5301</gco:CharacterString>
                      </voice>
                    </CI_Telephone>
                  </phone>
                  <address>
                    <CI_Address>
                      <deliveryPoint>
                        <gco:CharacterString>263 13th Ave S</gco:CharacterString>
                      </deliveryPoint>
                      <city>
                        <gco:CharacterString>St Petersburg</gco:CharacterString>
                      </city>
                      <administrativeArea>
                        <gco:CharacterString>FL</gco:CharacterString>
                      </administrativeArea>
                      <postalCode>
                        <gco:CharacterString>33701</gco:CharacterString>
                      </postalCode>
                      <country>
                        <Country codeList="http://www.iso.org/iso/country_codes/iso_3166_code_lists.htm" codeListValue="US" codeSpace="ISO3166-1">US</Country>
                      </country>
                      <electronicMailAddress>
                        <gco:CharacterString>amanda.frick@noaa.gov</gco:CharacterString>
                      </electronicMailAddress>
                    </CI_Address>
                  </address>
                </CI_Contact>
              </contactInfo>
              <role>
                <CI_RoleCode codeList="http://www.isotc211.org/2005/resources/Codelist/gmxCodelists.xml#CI_RoleCode" codeListValue="distributor" codeSpace="ISOTC211/19115">distributor</CI_RoleCode>
              </role>
            </CI_ResponsibleParty>
          </distributorContact>
        </MD_Distributor>
      </distributor>
      <transferOptions>
        <MD_DigitalTransferOptions>
          <transferSize>
            <gco:Real>0.018</gco:Real>
          </transferSize>
        </MD_DigitalTransferOptions>
      </transferOptions>
    </MD_Distribution>
  </distributionInfo>
  <dataQualityInfo>
    <DQ_DataQuality>
      <scope>
        <DQ_Scope>
          <level>
            <MD_ScopeCode codeList="http://www.isotc211.org/2005/resources/Codelist/gmxCodelists.xml#MD_ScopeCode" codeListValue="featureType" codeSpace="ISOTC211/19115">featureType</MD_ScopeCode>
          </level>
        </DQ_Scope>
      </scope>
      <lineage>
        <LI_Lineage>
          <statement>
            <gco:CharacterString>This GIS data represents the core distribution area for Rice's whale based on the best available data.  </gco:CharacterString>
          </statement>
          <processStep>
            <LI_ProcessStep>
              <description>
                <gco:CharacterString>The polygon was created by first drawing a convex hull polygon using ET Geowizards around all recorded Gulf of Mexico whale sighting locations in the eastern Gulf of Mexico from NMFS SEFSC surveys and tag locations between 1989 and 2018. The convex hull polygon was clipped at the 410m isobath and a 30km buffer was applied to the clipped polygon usinhg ArcGIS buffer to feature tool.  

The 30km buffer comprises a10 km buffer around the convex hull polygon drawn to capture the uncertainty in position location and the strip width of the surveys and an additional 20 km distance added to this "positional uncertainty" to account for the most likely distance a given observed whale could move within a day of the detection.

Isobaths derived from NGDC ETOPO1 bathymetric data set.  Projection used is UTM16N.

</gco:CharacterString>
              </description>
              <dateTime>
                <gco:DateTime>2019-06-07T00:00:00</gco:DateTime>
              </dateTime>
              <processor>
                <CI_ResponsibleParty>
                  <individualName>
                    <gco:CharacterString>Lance Garrison</gco:CharacterString>
                  </individualName>
                  <organisationName>
                    <gco:CharacterString>NOAA Fisheries</gco:CharacterString>
                  </organisationName>
                  <contactInfo>
                    <CI_Contact>
                      <phone>
                        <CI_Telephone>
                          <voice>
                            <gco:CharacterString>(305)361-4488</gco:CharacterString>
                          </voice>
                        </CI_Telephone>
                      </phone>
                      <address>
                        <CI_Address>
                          <deliveryPoint>
                            <gco:CharacterString>75 Virginia Beach Dr</gco:CharacterString>
                          </deliveryPoint>
                          <city>
                            <gco:CharacterString>Miami</gco:CharacterString>
                          </city>
                          <administrativeArea>
                            <gco:CharacterString>FL</gco:CharacterString>
                          </administrativeArea>
                          <postalCode>
                            <gco:CharacterString>33149</gco:CharacterString>
                          </postalCode>
                          <electronicMailAddress>
                            <gco:CharacterString>lance.garrison@noaa.gov</gco:CharacterString>
                          </electronicMailAddress>
                        </CI_Address>
                      </address>
                    </CI_Contact>
                  </contactInfo>
                  <role>
                    <CI_RoleCode codeList="http://www.isotc211.org/2005/resources/Codelist/gmxCodelists.xml#CI_RoleCode" codeListValue="processor" codeSpace="ISOTC211/19115">processor</CI_RoleCode>
                  </role>
                </CI_ResponsibleParty>
              </processor>
            </LI_ProcessStep>
          </processStep>
          <source>
            <LI_Source>
              <description>
                <gco:CharacterString>Originator: NOAA NMFS SEFSC</gco:CharacterString>
              </description>
            </LI_Source>
          </source>
        </LI_Lineage>
      </lineage>
    </DQ_DataQuality>
  </dataQualityInfo>
  <metadataConstraints>
    <MD_Constraints>
      <useLimitation>
        <gco:CharacterString>This GIS data is based on visual sightings and tag data and represents the current core distribution area of the Gulf of Mexico Bryde's whale based on the best available data as of June 2019. It doesn't imply knowledge of habitat preferences, and the GIS data will be updated periodically when new data become available. It is therefore subject to change.</gco:CharacterString>
      </useLimitation>
    </MD_Constraints>
  </metadataConstraints>
  <metadataMaintenance>
    <MD_MaintenanceInformation>
      <maintenanceAndUpdateFrequency>
        <MD_MaintenanceFrequencyCode codeList="http://www.isotc211.org/2005/resources/Codelist/gmxCodelists.xml#MD_MaintenanceFrequencyCode" codeListValue="asNeeded" codeSpace="ISOTC211/19115">asNeeded</MD_MaintenanceFrequencyCode>
      </maintenanceAndUpdateFrequency>
      <contact>
        <CI_ResponsibleParty>
          <individualName>
            <gco:CharacterString>Amanda Frick</gco:CharacterString>
          </individualName>
          <organisationName>
            <gco:CharacterString>NOAA Fisheries</gco:CharacterString>
          </organisationName>
          <positionName>
            <gco:CharacterString>GIS Coordinator</gco:CharacterString>
          </positionName>
          <contactInfo>
            <CI_Contact>
              <phone>
                <CI_Telephone>
                  <voice>
                    <gco:CharacterString>727-824-5301</gco:CharacterString>
                  </voice>
                </CI_Telephone>
              </phone>
              <address>
                <CI_Address>
                  <deliveryPoint>
                    <gco:CharacterString>263 13th Ave S</gco:CharacterString>
                  </deliveryPoint>
                  <city>
                    <gco:CharacterString>St Petersburg</gco:CharacterString>
                  </city>
                  <administrativeArea>
                    <gco:CharacterString>FL</gco:CharacterString>
                  </administrativeArea>
                  <postalCode>
                    <gco:CharacterString>33701</gco:CharacterString>
                  </postalCode>
                  <country>
                    <Country codeList="http://www.iso.org/iso/country_codes/iso_3166_code_lists.htm" codeListValue="US" codeSpace="ISO3166-1">US</Country>
                  </country>
                  <electronicMailAddress>
                    <gco:CharacterString>amanda.frick@noaa.gov</gco:CharacterString>
                  </electronicMailAddress>
                </CI_Address>
              </address>
            </CI_Contact>
          </contactInfo>
          <role>
            <CI_RoleCode codeList="http://www.isotc211.org/2005/resources/Codelist/gmxCodelists.xml#CI_RoleCode" codeListValue="custodian" codeSpace="ISOTC211/19115">custodian</CI_RoleCode>
          </role>
        </CI_ResponsibleParty>
      </contact>
    </MD_MaintenanceInformation>
  </metadataMaintenance>
</MD_Metadata>